<hark_xml version="1.3">
    <config>
        <comment>conversion from libharkio2 to libharkio3</comment>
        <SynchronousAverage>16</SynchronousAverage>
        <TSPpath></TSPpath>
        <TSPOffset>16384</TSPOffset>
        <PeakSearch from="0" to="0"/>
        <nfft>512</nfft>
        <samplingRate>16000</samplingRate>
        <signalMax>0</signalMax>
        <TSPLength>0</TSPLength>
    </config>
    <positions type="soundsource" frame="1" coordinate="cartesian">
        <position x="1.000" y="0.000" z="0.000" id="0"/>
        <position x="0.996" y="0.087" z="0.000" id="1"/>
        <position x="0.985" y="0.174" z="0.000" id="2"/>
        <position x="0.966" y="0.259" z="0.000" id="3"/>
        <position x="0.940" y="0.342" z="0.000" id="4"/>
        <position x="0.906" y="0.423" z="0.000" id="5"/>
        <position x="0.866" y="0.500" z="0.000" id="6"/>
        <position x="0.819" y="0.574" z="0.000" id="7"/>
        <position x="0.766" y="0.643" z="0.000" id="8"/>
        <position x="0.707" y="0.707" z="0.000" id="9"/>
        <position x="0.643" y="0.766" z="0.000" id="10"/>
        <position x="0.574" y="0.819" z="0.000" id="11"/>
        <position x="0.500" y="0.866" z="0.000" id="12"/>
        <position x="0.423" y="0.906" z="0.000" id="13"/>
        <position x="0.342" y="0.940" z="0.000" id="14"/>
        <position x="0.259" y="0.966" z="0.000" id="15"/>
        <position x="0.174" y="0.985" z="0.000" id="16"/>
        <position x="0.087" y="0.996" z="0.000" id="17"/>
        <position x="0.000" y="1.000" z="0.000" id="18"/>
        <position x="-0.087" y="0.996" z="0.000" id="19"/>
        <position x="-0.174" y="0.985" z="0.000" id="20"/>
        <position x="-0.259" y="0.966" z="0.000" id="21"/>
        <position x="-0.342" y="0.940" z="0.000" id="22"/>
        <position x="-0.423" y="0.906" z="0.000" id="23"/>
        <position x="-0.500" y="0.866" z="0.000" id="24"/>
        <position x="-0.574" y="0.819" z="0.000" id="25"/>
        <position x="-0.643" y="0.766" z="0.000" id="26"/>
        <position x="-0.707" y="0.707" z="0.000" id="27"/>
        <position x="-0.766" y="0.643" z="0.000" id="28"/>
        <position x="-0.819" y="0.574" z="0.000" id="29"/>
        <position x="-0.866" y="0.500" z="0.000" id="30"/>
        <position x="-0.906" y="0.423" z="0.000" id="31"/>
        <position x="-0.940" y="0.342" z="0.000" id="32"/>
        <position x="-0.966" y="0.259" z="0.000" id="33"/>
        <position x="-0.985" y="0.174" z="0.000" id="34"/>
        <position x="-0.996" y="0.087" z="0.000" id="35"/>
        <position x="-1.000" y="0.000" z="0.000" id="36"/>
        <position x="-0.996" y="-0.087" z="0.000" id="37"/>
        <position x="-0.985" y="-0.174" z="0.000" id="38"/>
        <position x="-0.966" y="-0.259" z="0.000" id="39"/>
        <position x="-0.940" y="-0.342" z="0.000" id="40"/>
        <position x="-0.906" y="-0.423" z="0.000" id="41"/>
        <position x="-0.866" y="-0.500" z="0.000" id="42"/>
        <position x="-0.819" y="-0.574" z="0.000" id="43"/>
        <position x="-0.766" y="-0.643" z="0.000" id="44"/>
        <position x="-0.707" y="-0.707" z="0.000" id="45"/>
        <position x="-0.643" y="-0.766" z="0.000" id="46"/>
        <position x="-0.574" y="-0.819" z="0.000" id="47"/>
        <position x="-0.500" y="-0.866" z="0.000" id="48"/>
        <position x="-0.423" y="-0.906" z="0.000" id="49"/>
        <position x="-0.342" y="-0.940" z="0.000" id="50"/>
        <position x="-0.259" y="-0.966" z="0.000" id="51"/>
        <position x="-0.174" y="-0.985" z="0.000" id="52"/>
        <position x="-0.087" y="-0.996" z="0.000" id="53"/>
        <position x="-0.000" y="-1.000" z="0.000" id="54"/>
        <position x="0.087" y="-0.996" z="0.000" id="55"/>
        <position x="0.174" y="-0.985" z="0.000" id="56"/>
        <position x="0.259" y="-0.966" z="0.000" id="57"/>
        <position x="0.342" y="-0.940" z="0.000" id="58"/>
        <position x="0.423" y="-0.906" z="0.000" id="59"/>
        <position x="0.500" y="-0.866" z="0.000" id="60"/>
        <position x="0.574" y="-0.819" z="0.000" id="61"/>
        <position x="0.643" y="-0.766" z="0.000" id="62"/>
        <position x="0.707" y="-0.707" z="0.000" id="63"/>
        <position x="0.766" y="-0.643" z="0.000" id="64"/>
        <position x="0.819" y="-0.574" z="0.000" id="65"/>
        <position x="0.866" y="-0.500" z="0.000" id="66"/>
        <position x="0.906" y="-0.423" z="0.000" id="67"/>
        <position x="0.940" y="-0.342" z="0.000" id="68"/>
        <position x="0.966" y="-0.259" z="0.000" id="69"/>
        <position x="0.985" y="-0.174" z="0.000" id="70"/>
        <position x="0.996" y="-0.087" z="0.000" id="71"/>
    </positions>
    <neighbors algorithm="NearestNeighbor">
        <neighbor id="0" ids="0;1;71;"/>
        <neighbor id="1" ids="1;0;2;"/>
        <neighbor id="2" ids="2;1;3;"/>
        <neighbor id="3" ids="3;2;4;"/>
        <neighbor id="4" ids="4;3;5;"/>
        <neighbor id="5" ids="5;4;6;"/>
        <neighbor id="6" ids="6;5;7;"/>
        <neighbor id="7" ids="7;6;8;"/>
        <neighbor id="8" ids="8;7;9;"/>
        <neighbor id="9" ids="9;8;10;"/>
        <neighbor id="10" ids="10;11;9;"/>
        <neighbor id="11" ids="11;12;10;"/>
        <neighbor id="12" ids="12;13;11;"/>
        <neighbor id="13" ids="13;14;12;"/>
        <neighbor id="14" ids="14;15;13;"/>
        <neighbor id="15" ids="15;16;14;"/>
        <neighbor id="16" ids="16;17;15;"/>
        <neighbor id="17" ids="17;18;16;"/>
        <neighbor id="18" ids="18;17;19;"/>
        <neighbor id="19" ids="19;18;20;"/>
        <neighbor id="20" ids="20;19;21;"/>
        <neighbor id="21" ids="21;20;22;"/>
        <neighbor id="22" ids="22;21;23;"/>
        <neighbor id="23" ids="23;22;24;"/>
        <neighbor id="24" ids="24;23;25;"/>
        <neighbor id="25" ids="25;24;26;"/>
        <neighbor id="26" ids="26;25;27;"/>
        <neighbor id="27" ids="27;26;28;"/>
        <neighbor id="28" ids="28;29;27;"/>
        <neighbor id="29" ids="29;30;28;"/>
        <neighbor id="30" ids="30;31;29;"/>
        <neighbor id="31" ids="31;32;30;"/>
        <neighbor id="32" ids="32;33;31;"/>
        <neighbor id="33" ids="33;34;32;"/>
        <neighbor id="34" ids="34;35;33;"/>
        <neighbor id="35" ids="35;36;34;"/>
        <neighbor id="36" ids="36;35;37;"/>
        <neighbor id="37" ids="37;36;38;"/>
        <neighbor id="38" ids="38;37;39;"/>
        <neighbor id="39" ids="39;38;40;"/>
        <neighbor id="40" ids="40;39;41;"/>
        <neighbor id="41" ids="41;40;42;"/>
        <neighbor id="42" ids="42;41;43;"/>
        <neighbor id="43" ids="43;42;44;"/>
        <neighbor id="44" ids="44;43;45;"/>
        <neighbor id="45" ids="45;44;46;"/>
        <neighbor id="46" ids="46;47;45;"/>
        <neighbor id="47" ids="47;48;46;"/>
        <neighbor id="48" ids="48;49;47;"/>
        <neighbor id="49" ids="49;50;48;"/>
        <neighbor id="50" ids="50;51;49;"/>
        <neighbor id="51" ids="51;52;50;"/>
        <neighbor id="52" ids="52;53;51;"/>
        <neighbor id="53" ids="53;54;52;"/>
        <neighbor id="54" ids="54;53;55;"/>
        <neighbor id="55" ids="55;54;56;"/>
        <neighbor id="56" ids="56;55;57;"/>
        <neighbor id="57" ids="57;56;58;"/>
        <neighbor id="58" ids="58;57;59;"/>
        <neighbor id="59" ids="59;58;60;"/>
        <neighbor id="60" ids="60;59;61;"/>
        <neighbor id="61" ids="61;60;62;"/>
        <neighbor id="62" ids="62;61;63;"/>
        <neighbor id="63" ids="63;62;64;"/>
        <neighbor id="64" ids="64;65;63;"/>
        <neighbor id="65" ids="65;66;64;"/>
        <neighbor id="66" ids="66;67;65;"/>
        <neighbor id="67" ids="67;68;66;"/>
        <neighbor id="68" ids="68;69;67;"/>
        <neighbor id="69" ids="69;70;68;"/>
        <neighbor id="70" ids="70;71;69;"/>
        <neighbor id="71" ids="71;0;70;"/>
    </neighbors>
</hark_xml>
